{"packages/cupertino_icons/assets/CupertinoIcons.ttf":["packages/cupertino_icons/assets/CupertinoIcons.ttf"],"assets/image/a1.png":["assets/image/a1.png"],"assets/image/a10.png":["assets/image/a10.png"],"assets/image/a11.png":["assets/image/a11.png"],"assets/image/a12.png":["assets/image/a12.png"],"assets/image/a13.png":["assets/image/a13.png"],"assets/image/a14.png":["assets/image/a14.png"],"assets/image/a15.png":["assets/image/a15.png"],"assets/image/a16.png":["assets/image/a16.png"],"assets/image/a17.png":["assets/image/a17.png"],"assets/image/a18.png":["assets/image/a18.png"],"assets/image/a19.png":["assets/image/a19.png"],"assets/image/a2.png":["assets/image/a2.png"],"assets/image/a20.png":["assets/image/a20.png"],"assets/image/a21.png":["assets/image/a21.png"],"assets/image/a22.png":["assets/image/a22.png"],"assets/image/a23.png":["assets/image/a23.png"],"assets/image/a24.png":["assets/image/a24.png"],"assets/image/a25.png":["assets/image/a25.png"],"assets/image/a26.png":["assets/image/a26.png"],"assets/image/a27.png":["assets/image/a27.png"],"assets/image/a28.png":["assets/image/a28.png"],"assets/image/a29.png":["assets/image/a29.png"],"assets/image/a3.png":["assets/image/a3.png"],"assets/image/a30.png":["assets/image/a30.png"],"assets/image/a31.png":["assets/image/a31.png"],"assets/image/a32.png":["assets/image/a32.png"],"assets/image/a33.png":["assets/image/a33.png"],"assets/image/a34.png":["assets/image/a34.png"],"assets/image/a35.png":["assets/image/a35.png"],"assets/image/a36.png":["assets/image/a36.png"],"assets/image/a37.png":["assets/image/a37.png"],"assets/image/a38.png":["assets/image/a38.png"],"assets/image/a39.png":["assets/image/a39.png"],"assets/image/a4.png":["assets/image/a4.png"],"assets/image/a40.png":["assets/image/a40.png"],"assets/image/a41.png":["assets/image/a41.png"],"assets/image/a42.png":["assets/image/a42.png"],"assets/image/a43.png":["assets/image/a43.png"],"assets/image/a5.png":["assets/image/a5.png"],"assets/image/a6.png":["assets/image/a6.png"],"assets/image/a7.png":["assets/image/a7.png"],"assets/image/a8.png":["assets/image/a8.png"],"assets/image/a9.png":["assets/image/a9.png"],"assets/image/airterjun.png":["assets/image/airterjun.png"],"assets/image/b1.png":["assets/image/b1.png"],"assets/image/b10.png":["assets/image/b10.png"],"assets/image/b11.png":["assets/image/b11.png"],"assets/image/b12.png":["assets/image/b12.png"],"assets/image/b13.png":["assets/image/b13.png"],"assets/image/b2.png":["assets/image/b2.png"],"assets/image/b3.png":["assets/image/b3.png"],"assets/image/b4.png":["assets/image/b4.png"],"assets/image/b5.png":["assets/image/b5.png"],"assets/image/b6.png":["assets/image/b6.png"],"assets/image/b7.png":["assets/image/b7.png"],"assets/image/b8.png":["assets/image/b8.png"],"assets/image/b9.png":["assets/image/b9.png"],"assets/image/budaya.png":["assets/image/budaya.png"],"assets/image/c1.png":["assets/image/c1.png"],"assets/image/c10.png":["assets/image/c10.png"],"assets/image/c11.png":["assets/image/c11.png"],"assets/image/c12.png":["assets/image/c12.png"],"assets/image/c13.png":["assets/image/c13.png"],"assets/image/c14.png":["assets/image/c14.png"],"assets/image/c15.png":["assets/image/c15.png"],"assets/image/c16.png":["assets/image/c16.png"],"assets/image/c17.png":["assets/image/c17.png"],"assets/image/c18.png":["assets/image/c18.png"],"assets/image/c19.png":["assets/image/c19.png"],"assets/image/c2.png":["assets/image/c2.png"],"assets/image/c20.png":["assets/image/c20.png"],"assets/image/c21.png":["assets/image/c21.png"],"assets/image/c22.png":["assets/image/c22.png"],"assets/image/c23.png":["assets/image/c23.png"],"assets/image/c3.png":["assets/image/c3.png"],"assets/image/c4.png":["assets/image/c4.png"],"assets/image/c5.png":["assets/image/c5.png"],"assets/image/c6.png":["assets/image/c6.png"],"assets/image/c7.png":["assets/image/c7.png"],"assets/image/c8.png":["assets/image/c8.png"],"assets/image/c9.png":["assets/image/c9.png"],"assets/image/d1.png":["assets/image/d1.png"],"assets/image/d2.png":["assets/image/d2.png"],"assets/image/d3.png":["assets/image/d3.png"],"assets/image/d4.png":["assets/image/d4.png"],"assets/image/d5.png":["assets/image/d5.png"],"assets/image/d6.png":["assets/image/d6.png"],"assets/image/d7.png":["assets/image/d7.png"],"assets/image/d8.png":["assets/image/d8.png"],"assets/image/d9.png":["assets/image/d9.png"],"assets/image/e1.png":["assets/image/e1.png"],"assets/image/e10.png":["assets/image/e10.png"],"assets/image/e11.png":["assets/image/e11.png"],"assets/image/e12.png":["assets/image/e12.png"],"assets/image/e13.png":["assets/image/e13.png"],"assets/image/e14.png":["assets/image/e14.png"],"assets/image/e2.png":["assets/image/e2.png"],"assets/image/e3.png":["assets/image/e3.png"],"assets/image/e4.png":["assets/image/e4.png"],"assets/image/e5.png":["assets/image/e5.png"],"assets/image/e6.png":["assets/image/e6.png"],"assets/image/e7.png":["assets/image/e7.png"],"assets/image/e8.png":["assets/image/e8.png"],"assets/image/e9.png":["assets/image/e9.png"],"assets/image/gunung.png":["assets/image/gunung.png"],"assets/image/pantai.png":["assets/image/pantai.png"],"assets/image/religi.png":["assets/image/religi.png"]}